{"initial_reset_timestamp": 1489863291.9425516, "episode_types": ["t", "t", "t", "t", "t", "t", "t", "t", "t", "t", "t", "t", "t", "t", "t", "t", "t", "t", "t", "t"], "timestamps": [1489863292.5552757, 1489863293.954236, 1489863294.687362, 1489863294.8706353, 1489863295.1871595, 1489863295.370401, 1489863295.6037655, 1489863296.153479, 1489863296.8032713, 1489863297.2363913, 1489863297.4540899, 1489863297.7695355, 1489863298.1192641, 1489863298.4692142, 1489863298.8191705, 1489863299.069009, 1489863299.5855043, 1489863300.1187842, 1489863300.7017293, 1489863300.9683363], "episode_lengths": [17, 40, 41, 11, 19, 11, 14, 33, 19, 25, 13, 19, 21, 21, 21, 15, 31, 32, 35, 16], "episode_rewards": [17.0, 40.0, 41.0, 11.0, 19.0, 11.0, 14.0, 33.0, 19.0, 25.0, 13.0, 19.0, 21.0, 21.0, 21.0, 15.0, 31.0, 32.0, 35.0, 16.0]}